Trial,DataSeed,ExecutionOrder,HuberDelta,L2SteadyStateNRE,HuberSteadyStateNRE,L2F1Score,HuberF1Score,L2WallTimeSeconds,HuberWallTimeSeconds,L2CoreTimeSeconds,HuberCoreTimeSeconds,L2WallFPS,HuberWallFPS,L2CoreFPS,HuberCoreFPS,WallTimeRatio,CoreTimeRatio,L2MeanPriorIRLSIterations,HuberMeanPriorIRLSIterations,L2MeanPosteriorIRLSIterations,HuberMeanPosteriorIRLSIterations
1,1,HuberFirst,0.0443796203878543,0.169132599083966,0.0164707254930811,0.309777033076225,0.994797430465805,3.5152862,3.5676359,3.4726054,3.5245922,142.235929467137,140.148830770539,143.984110604677,141.860383167165,1.01489201647365,1.01497054632237,1,2.042,1,2.018
2,2,SquaredLossFirst,0.0441113861387126,0.187420687169088,0.0171134598266495,0.269153750925564,0.994336422379291,3.4722847,3.6270323,3.4321007,3.5866152,143.997408968222,137.853748917538,145.683371120201,139.40720487662,1.0445665068881,1.0450203864939,1,2.022,1,2.014
3,3,HuberFirst,0.0442106068930296,0.155858188225413,0.0164956335170829,0.334263487682791,0.994730896287763,3.5317872,3.5571878,3.4917474,3.5170143,141.571383462741,140.560473079324,143.194779782753,142.166041235601,1.00719199616557,1.00723617636259,1,2.014,1,2.01
4,4,SquaredLossFirst,0.0445758377465356,0.168747879741005,0.0163840839450426,0.312422208248018,0.995377804089217,3.5270281,3.6012142,3.4867126,3.5611266,141.762408981091,138.842060547245,143.401552511096,140.405005539539,1.02103360049782,1.02134216625712,1,2.028,1,2.012
5,5,HuberFirst,0.0441467349328433,0.161133382800586,0.0160156975276167,0.331764194846349,0.994891313491403,3.5203862,3.5929106,3.4812735,3.5527189,142.029871608973,139.162939372886,143.625601378346,140.737281522611,1.02060126244104,1.02052277708143,1,2.026,1,2.016
6,6,SquaredLossFirst,0.0444944510766484,0.160468024218295,0.0164679408521028,0.326684919003256,0.99503543694995,3.4830267,3.5929862,3.4428586,3.5528007,143.553306668594,139.160011246355,145.228154301777,140.734041174896,1.03157009964925,1.03193337652612,1,2.02,1,2.016
7,7,HuberFirst,0.0440013423574923,0.155317622207661,0.0156883366530945,0.340455830120099,0.994483452421034,3.4907037,3.5772111,3.4503309,3.5377133,143.237594184806,139.773691298229,144.913637123906,141.334234178897,1.02478222371037,1.02532580280923,1,2.022,1,2.012
8,8,SquaredLossFirst,0.0441282540039822,0.153434080205256,0.0153167990345457,0.342777183567108,0.994652496933297,3.5313763,3.5924163,3.4904827,3.5522287,141.587856270089,139.18208755483,143.246663276687,140.756702967914,1.01728504549345,1.01768981694136,1,2.014,1,2.01
9,9,HuberFirst,0.0442015013150785,0.163657148093444,0.0168215649528903,0.32430809403953,0.994710872233619,3.5571957,3.5681383,3.5173339,3.5287724,140.560160915521,140.129097574497,142.153123421123,141.692334705406,1.00307618723367,1.00325203700451,1,2.032,1,2.014
10,10,SquaredLossFirst,0.0443766490473438,0.165925450475501,0.0168710500708237,0.31990455258399,0.995102665426343,3.4655391,3.6036244,3.4255118,3.564186,144.277696938984,138.749199278371,145.963590024708,140.28448571427,1.03984525813026,1.04048276815161,1,2.046,1,2.022
11,11,HuberFirst,0.0444775024578761,0.153316038991583,0.0162767754840389,0.351803305595648,0.995069437646198,3.4825294,3.6308074,3.4427682,3.5909279,143.573805866506,137.710416696848,145.231967693904,139.239776994687,1.04257767357255,1.04303504952788,1,2.024,1,2.016
12,12,SquaredLossFirst,0.0439271357170215,0.167629763660683,0.0166786119564722,0.309388473148793,0.993963612658096,3.5006662,3.6059065,3.4611678,3.5662629,142.829956195195,138.661387920069,144.459913211951,140.202787629594,1.03006293487794,1.03036405805,1,2.034,1,2.022
13,13,HuberFirst,0.0443551463028942,0.167461510300966,0.0173759456918906,0.312557220809353,0.994445954158846,3.4224346,3.5650824,3.3832621,3.5248825,146.094829686446,140.249212753119,147.786362753273,141.848699921203,1.04168021209229,1.04185912761533,1,2.022,1,2.01
14,14,SquaredLossFirst,0.0438092982621589,0.182655058386557,0.0167626777928121,0.280104121513102,0.994204814021119,3.4711175,3.5618238,3.4319386,3.5221061,144.045829621152,140.377522324378,145.690252150781,141.960516180929,1.02613172847073,1.02627305162161,1,2.036,1,2.022
15,15,HuberFirst,0.0440744879296407,0.177169743935447,0.0160286069012902,0.290012869158346,0.99474386992457,3.4628193,3.5757913,3.4218075,3.5349002,144.391016880378,139.829189695719,146.121603859948,141.446709018829,1.03262428391802,1.0330505734177,1,2.02,1,2.014
16,16,SquaredLossFirst,0.044306006465735,0.153115452971958,0.0172221029580082,0.3439182442884,0.994824392957857,3.5152023,3.5873655,3.4748334,3.5476958,142.239324319969,139.378047762348,143.891790610738,140.936548167405,1.02052888961753,1.02096860240839,1,2.04,1,2.018
17,17,HuberFirst,0.0440817215347121,0.184086367425345,0.0172895733291035,0.275315680261147,0.994411712595713,3.4371204,3.5404765,3.3969218,3.500787,145.470609641722,141.223928474034,147.192084315865,142.825027629502,1.03007054975438,1.03057627055177,1,2.024,1,2.016
18,18,SquaredLossFirst,0.0441386250399847,0.176783216973382,0.0170361887124319,0.28610770774298,0.994253582422364,3.5737964,3.5857812,3.5337701,3.5454976,139.907242617403,139.439628943339,141.491943689263,141.023928488909,1.00335352064264,1.00331869353923,1,2.036,1,2.018
19,19,HuberFirst,0.0441344720341683,0.175887621118399,0.0163686910948066,0.293294605019854,0.994619140616214,3.4282886,3.5839969,3.3877411,3.543689,145.845364360515,139.509049240528,147.590971458828,141.095903167575,1.04541866749491,1.04603300411593,1,2.032,1,2.018
20,20,SquaredLossFirst,0.0443247707719019,0.176502182410909,0.0168151915400588,0.303339221927938,0.994845273514464,3.4626794,3.5658164,3.421827,3.5255757,144.396850600723,140.220343369333,146.120771155292,141.820809577284,1.02978531596081,1.03031968010072,1,2.046,1,2.02
21,21,HuberFirst,0.0449056315729207,0.172999740447892,0.0157359063193914,0.307299583934173,0.996076803095336,3.4724264,3.5511295,3.4317605,3.511368,143.991532837096,140.800272138766,145.697813119534,142.39464505002,1.02266516001606,1.02319727731583,1,2.016,1,2.01
22,22,SquaredLossFirst,0.0442603244664924,0.148794692785082,0.0171737662453412,0.355116714985721,0.994568180903549,3.4334601,3.6603859,3.3945918,3.6166952,145.625691121327,136.597619393081,147.293114889396,138.247757234284,1.06609245291652,1.06542860322705,1,2.02,1,2.014
23,23,HuberFirst,0.0443271012313727,0.178741402112759,0.016290534358255,0.289372878661855,0.994629384886704,3.4492991,3.5236705,3.4089004,3.4840702,144.956985609047,141.897490131384,146.674863249158,143.510311589014,1.02156130791905,1.02205104027093,1,2.024,1,2.012
24,24,SquaredLossFirst,0.0444498401218095,0.176799348117848,0.016729744522535,0.291999294344679,0.995148015124096,3.4265082,3.5842234,3.3868791,3.5443958,145.921145030384,139.50023316069,147.628535072303,141.067766754492,1.04602796514539,1.04650791934085,1,2.034,1,2.012
25,25,HuberFirst,0.0442692168491342,0.151348709527371,0.016040792573281,0.353438582394083,0.994904258564179,3.4682141,3.4931612,3.4282738,3.4528328,144.166416946405,143.136824032054,145.845993980994,144.808633652924,1.00719306804041,1.00716366353236,1,2.032,1,2.02
26,26,SquaredLossFirst,0.0443403032224678,0.155146104217473,0.0163462833497794,0.345416322870872,0.994753330380261,3.5090343,3.6106838,3.4694438,3.5705174,142.489345287961,138.477924873953,144.115319003006,140.035727034967,1.0289679414077,1.02913250821356,1,2.032,1,2.016
27,27,HuberFirst,0.0441506370008748,0.158313416859302,0.0167856729304256,0.336484470182379,0.994671941366608,3.4693338,3.5608155,3.429811,3.5211489,144.119888377417,140.417272391675,145.780627562277,141.999107166414,1.02636866478515,1.02663059276444,1,2.03,1,2.014
28,28,SquaredLossFirst,0.0442024868054763,0.150715418492292,0.0164484702568788,0.349767987454225,0.994581551827408,3.427733,3.5650723,3.3884109,3.5244382,145.86900438278,140.249610085047,147.561796593205,141.866581743439,1.04006709390726,1.04014486554745,1,2.02,1,2.014
29,29,HuberFirst,0.044034781711666,0.159891744937515,0.0175765574264063,0.331657894114697,0.994332107144711,3.4101534,3.5585442,3.3703461,3.5177997,146.620970188614,140.506896050357,148.352716654233,142.134300597047,1.04351440612613,1.04375028428089,1,2.032,1,2.014
30,30,SquaredLossFirst,0.0443371196900067,0.172622106995618,0.0176079216966364,0.298309254067792,0.99451993152343,3.4368416,3.6098058,3.3958881,3.5701268,145.482410361886,138.511606358436,147.236889224942,140.051048046809,1.05032649744463,1.0513087283412,1,2.036,1,2.014
31,31,HuberFirst,0.0447636056061022,0.157439214824077,0.0169697670272668,0.346877708502427,0.995482118785504,3.4355908,3.5913987,3.3962617,3.5511332,145.53537633178,139.221523914903,147.220692681015,140.800125436016,1.04535112272393,1.0456005790131,1,2.032,1,2.02
32,32,SquaredLossFirst,0.0441134161708666,0.160503753036958,0.0169822943492846,0.3252620075875,0.994524411419517,3.5065986,3.579861,3.4667829,3.5396429,142.588319062239,139.670227419445,144.225933501633,141.257187271631,1.02089272493293,1.02101660302986,1,2.028,1,2.014
33,33,HuberFirst,0.0446583227952267,0.18403012757748,0.0165203572049249,0.277174103971458,0.995419616106263,3.4534894,3.5474045,3.4135834,3.5077949,144.781101688049,140.948121365917,146.473644089082,142.539690675758,1.02719426328629,1.0275990034402,1,2.016,1,2.012
34,34,SquaredLossFirst,0.0446276920433368,0.164380173849548,0.0162446161806928,0.318148902501242,0.995316357909222,3.4172789,3.5760463,3.3765092,3.5349396,146.315245150169,139.819218783605,148.081930296532,141.445132471287,1.04646018210571,1.0469213588993,1,2.024,1,2.016
35,35,HuberFirst,0.0446465474181669,0.169620163717765,0.0166289575292306,0.307775892384678,0.995403440366619,3.398972,3.5410173,3.3595221,3.5011777,147.103300645019,141.202360124024,148.830692317815,142.809089638609,1.04179066494222,1.04216540203739,1,2.026,1,2.016
36,36,SquaredLossFirst,0.044655167908646,0.164594387370887,0.0167253758006747,0.32067236469229,0.995122241592533,3.4052483,3.5065697,3.3653193,3.4661883,146.83217079941,142.589494228505,148.574312101678,144.250674436816,1.02975448222087,1.02997308457477,1,2.032,1,2.02
37,37,HuberFirst,0.0444589771548339,0.173572881126747,0.0169211142526218,0.303821269139579,0.994747375749083,3.4857786,3.5744591,3.4453812,3.5344621,143.439976365682,139.881303999254,145.121822804397,141.464241475386,1.02544065764819,1.02585516517011,1,2.028,1,2.02
38,38,SquaredLossFirst,0.0438869962488563,0.163547206061957,0.0164911540724645,0.322746168962274,0.994087969283183,3.4122572,3.5796212,3.3731003,3.5393933,146.530572197195,139.679583973857,148.231583863664,141.267148807678,1.04904788537042,1.04929974955088,1,2.028,1,2.016
39,39,HuberFirst,0.0439319613905983,0.163650932541839,0.0165208307751013,0.321453484918894,0.994247830699733,3.4508304,3.6075928,3.4114856,3.5677446,144.892661198302,138.596573316146,146.563714060525,140.144560796196,1.04542744262367,1.04580379879077,1,2.022,1,2.014
40,40,SquaredLossFirst,0.0439219484915129,0.164219459871491,0.0171115129409361,0.319642662868826,0.993920073010597,3.4663807,3.6299887,3.4262097,3.5887445,144.242667863919,137.74147561396,145.933858047276,139.324490779436,1.04719850880776,1.04743866086188,1,2.028,1,2.01
41,41,HuberFirst,0.0439433103938462,0.164468090753633,0.0142170076841686,0.31584554928551,0.994805348830566,3.453465,3.5303386,3.4136417,3.4895761,144.782124619766,141.629474294619,146.471142533793,143.283879093509,1.02225984627034,1.02224439665124,1,2.02,1,2.01
42,42,SquaredLossFirst,0.0446884012470271,0.162099306585754,0.0167005181712364,0.323470946414055,0.995199258132125,3.3922751,3.6298139,3.3534499,3.5903453,147.393706365383,137.748108794228,149.100184857391,139.262371226522,1.07002344827517,1.07064229586373,1,2.036,1,2.018
43,43,HuberFirst,0.044454729681752,0.155805820757178,0.0165856064762679,0.343621092797844,0.995067145107814,3.4000168,3.5676027,3.3605208,3.5274301,147.058096889404,140.150134991209,148.786461907928,141.746253171679,1.049289727039,1.04966768841306,1,2.026,1,2.012
44,44,SquaredLossFirst,0.0445253042446247,0.155156422816099,0.0164668872105545,0.350753719319748,0.995366880344366,3.4576251,3.5335566,3.4169995,3.4924731,144.607927562766,141.500492733016,146.327209003103,143.165025379866,1.02196059370346,1.02208768248283,1,2.026,1,2.014
45,45,HuberFirst,0.0441140724942468,0.157836961792314,0.0165604318793237,0.333321495158596,0.994464788204841,3.4429929,3.5683685,3.4035822,3.5292546,145.222489421921,140.120057667811,146.904047153614,141.67297536426,1.03641471348953,1.03692356835102,1,2.028,1,2.02
46,46,SquaredLossFirst,0.0442430232666646,0.164498342740536,0.0171121858324446,0.315096373821714,0.99454762233148,3.3732251,3.5282878,3.3332965,3.4884907,148.226099704997,141.711795732763,150.001657518316,143.328460070139,1.04596867846145,1.04655877447446,1,2.046,1,2.02
47,47,HuberFirst,0.0443728841759647,0.164204893718175,0.0155693220148788,0.318580972322808,0.99514993958715,3.4818642,3.5661734,3.4416978,3.5266017,143.601235223361,140.206306288976,145.277136185519,141.779549417219,1.02421381052139,1.02466919088596,1,2.02,1,2.014
48,48,SquaredLossFirst,0.0444630510733339,0.167847305489121,0.0167906411305295,0.321804825738297,0.995056412999028,3.4568602,3.5881169,3.4158724,3.5471134,144.639924981635,139.348860122144,146.375491075135,140.959688517429,1.03796991848267,1.03842093164838,1,2.036,1,2.016
49,49,HuberFirst,0.0442675026809886,0.148986856404848,0.0164844155269304,0.357425907648959,0.994982381314337,3.411882,3.5306936,3.3722316,3.4913541,146.546685963934,141.615233901917,148.269768897249,143.210910632067,1.03482289246815,1.03532453109093,1,2.012,1,2.012
50,50,SquaredLossFirst,0.0442066940952163,0.163879163782844,0.0167942853637377,0.318407771846154,0.994758515777931,3.4216497,3.5453545,3.3814146,3.5050401,146.128342711412,141.029620592243,147.86710863554,142.651720304141,1.03615355481889,1.03656029047725,1,2.04,1,2.024
