Trial,ObservationRatio,ExecutionOrder,MaskSeed,SpatterSeed,TensorInitializationSeed,ActualObservationRatio,HuberDelta,OLSTECWallTimeSeconds,RSIWallTimeSeconds,OLSTECCoreTimeSeconds,RSICoreTimeSeconds,OLSTECWallFPS,RSIWallFPS,OLSTECCoreFPS,RSICoreFPS,RSIToOLSTECWallTimeRatio,RSIToOLSTECCoreTimeRatio,RSIMeanPriorIRLSIterations,RSIMeanPosteriorIRLSIterations
1,0.1,OLSTEC_80_then_RSI_OLSTEC,10001,20001,30001,0.100116639909651,0.1,10.5675892,17.7132415,10.2994161,17.4496562,56.9666353041051,33.9858743528111,58.4499154277299,34.4992470396064,1.67618566209973,1.69423742380891,2.85382059800664,2.96511627906977
2,0.1,RSI_OLSTEC_then_OLSTEC_80,10002,20002,30002,0.100072547808119,0.1,10.2601207,17.1023655,10.0036775,16.8425712,58.6737736915707,35.1998090556537,60.1778695884588,35.7427611765121,1.66687761285303,1.68363796213942,2.48504983388704,2.51827242524917
3,0.1,OLSTEC_80_then_RSI_OLSTEC,10003,20003,30003,0.100008292986792,0.1,10.536637,17.322319,10.2734051,17.068499,57.1339792763099,34.7528526636647,58.5979034351522,35.2696508345579,1.64400833017214,1.6614256747259,2.57475083056478,2.75083056478405
4,0.1,RSI_OLSTEC_then_OLSTEC_80,10004,20004,30004,0.0999763238392351,0.1,10.572952,17.5025268,10.3163431,17.2475781,56.9377407558457,34.3950337502126,58.3540111224102,34.9034511691818,1.655405869619,1.67186937588379,2.70764119601329,2.83222591362126
5,0.1,OLSTEC_80_then_RSI_OLSTEC,10005,20005,30005,0.100012407827567,0.1,10.427901,17.3736553,10.1712838,17.1146171,57.7297387077227,34.6501636877762,59.1862356647644,35.1746110638958,1.66607405459641,1.68264079899137,2.64617940199336,2.79734219269103
6,0.1,RSI_OLSTEC_then_OLSTEC_80,10006,20006,30006,0.100070743608703,0.1,10.3277397,17.1525,10.0711861,16.8917683,58.2896178144381,35.096924646553,59.7744887268045,35.6386607552508,1.66081838797699,1.67723723226602,2.55647840531561,2.58305647840532
7,0.1,OLSTEC_80_then_RSI_OLSTEC,10007,20007,30007,0.0999940176545661,0.1,10.5249494,17.6578907,10.270371,17.4023099,57.1974246260984,34.0924071978767,58.6152145818296,34.5931088148246,1.67771739596202,1.69441881895016,2.84551495016611,2.96013289036545
8,0.1,RSI_OLSTEC_then_OLSTEC_80,10008,20008,30008,0.10006760999919,0.1,10.4393125,17.363995,10.1832845,17.1042091,57.6666327404223,34.6694409898183,59.1164864342148,35.1960149972675,1.66332744613211,1.67963578941549,2.71594684385382,2.75581395348837
9,0.1,OLSTEC_80_then_RSI_OLSTEC,10009,20009,30009,0.100008577860384,0.1,10.4830996,17.1702976,10.2242504,16.9173321,57.4257636548641,35.0605454852454,58.879622118801,35.5848071339807,1.63790274395561,1.65462810848216,2.57641196013289,2.69102990033223
10,0.1,RSI_OLSTEC_then_OLSTEC_80,10010,20010,30010,0.100063273590066,0.1,10.2759221,17.3026797,10.0187575,17.0479586,58.5835503754938,34.792298674985,60.0872912634127,35.3121458190308,1.68380798643851,1.70160407615415,2.64950166112957,2.82392026578073
11,0.1,OLSTEC_80_then_RSI_OLSTEC,10011,20011,30011,0.100081948636658,0.1,10.4685472,17.5226594,10.2110051,17.2623365,57.5055916068277,34.3555156930118,58.9559983668993,34.8736105335451,1.67383869654807,1.69056193106788,2.75415282392027,2.85382059800664
12,0.1,RSI_OLSTEC_then_OLSTEC_80,10012,20012,30012,0.100004273103881,0.1,10.3199716,17.6573802,10.0647989,17.3959702,58.3334938634909,34.0933928579054,59.8124220842604,34.6057157536405,1.71099116202994,1.72839719629172,2.76910299003322,2.93023255813953
13,0.1,OLSTEC_80_then_RSI_OLSTEC,10013,20013,30013,0.0998840881006401,0.1,10.4855301,16.9543391,10.2310088,16.695522,57.4124526141029,35.5071345718218,58.8407274168311,36.0575728030546,1.61692722621625,1.63185491542144,2.48338870431894,2.41694352159468
14,0.1,RSI_OLSTEC_then_OLSTEC_80,10014,20014,30014,0.0999947773174783,0.1,10.3559616,17.5731443,10.0962832,17.3211112,58.1307678854275,34.2568176601156,59.6259027282436,34.7552759779061,1.69691091747579,1.71559284311676,2.71926910299003,2.94518272425249
15,0.1,OLSTEC_80_then_RSI_OLSTEC,10015,20015,30015,0.0999455891439105,0.1,10.5432801,17.2818639,10.2805532,17.0239703,57.0979803524332,34.8342055858917,58.5571601341453,35.3619037974943,1.63913542427845,1.65593912786717,2.62790697674419,2.83056478405316
16,0.1,RSI_OLSTEC_then_OLSTEC_80,10016,20016,30016,0.100014528553197,0.1,10.5504045,17.3660277,10.2965232,17.1138696,57.0594236457948,34.6653829188583,58.4663374526267,35.1761474213874,1.64600586641015,1.66210178596985,2.61794019933555,2.86046511627907
17,0.1,OLSTEC_80_then_RSI_OLSTEC,10017,20017,30017,0.0999799638906896,0.1,10.4936937,17.1689723,10.228792,16.9175833,57.3677884270626,35.0632518639453,58.8534794724538,35.5842787545193,1.63612287444601,1.65391800908651,2.51827242524917,2.50498338870432
18,0.1,RSI_OLSTEC_then_OLSTEC_80,10018,20018,30018,0.10003557754639,0.1,10.3298411,17.1141388,10.0787032,16.8594051,58.2777599550878,35.1755941116944,59.729906522101,35.7070724873916,1.65676689837949,1.67277523362331,2.66279069767442,2.63953488372093
19,0.1,OLSTEC_80_then_RSI_OLSTEC,10019,20019,30019,0.0999783496070011,0.1,10.5185376,17.2533483,10.2611518,16.9992956,57.2322905419856,34.8917780788092,58.6678778107541,35.4132320635686,1.64028013742138,1.65666544373703,2.66279069767442,2.86212624584718
20,0.1,RSI_OLSTEC_then_OLSTEC_80,10020,20020,30020,0.10005137220444,0.1,10.4871207,17.3067846,10.2278709,17.0511391,57.4037447666641,34.7840464831347,58.8587796899157,35.3055591458989,1.65028944503328,1.66712498297177,2.62790697674419,2.80897009966777
21,0.1,OLSTEC_80_then_RSI_OLSTEC,10021,20021,30021,0.10006501448424,0.1,10.4395999,17.3965675,10.183502,17.1443079,57.6650451900939,34.6045275885602,59.1152238198608,35.1136950824361,1.66640174591365,1.6835375394437,2.78571428571429,2.85215946843854
22,0.1,RSI_OLSTEC_then_OLSTEC_80,10022,20022,30022,0.100028582317073,0.1,10.3414507,17.4950036,10.0850344,17.2329252,58.2123357219118,34.4098242997789,59.6924091800817,34.9331290546076,1.69173591863664,1.70876216346867,2.67109634551495,2.83720930232558
23,0.1,OLSTEC_80_then_RSI_OLSTEC,10023,20023,30023,0.0999975944007779,0.1,10.4818721,18.0023199,10.2222019,17.7514937,57.4324886105031,33.4401345684341,58.8914214265324,33.9126391375166,1.71747181498236,1.73656261866634,2.72923588039867,2.90531561461794
24,0.1,RSI_OLSTEC_then_OLSTEC_80,10024,20024,30024,0.09995005216352,0.1,10.6511153,17.6069333,10.3784779,17.3433588,56.5199026622123,34.1910763074226,58.0046521079936,34.7106928330399,1.65306006029247,1.6710888597643,2.67940199335548,2.66112956810631
25,0.1,OLSTEC_80_then_RSI_OLSTEC,10025,20025,30025,0.100065077789482,0.1,10.6721271,18.240368,10.4126511,17.9702361,56.408623544223,33.0037201003839,57.8142870839108,33.4998381017376,1.70915955451842,1.72580795490209,2.70099667774086,2.94352159468439
26,0.1,RSI_OLSTEC_then_OLSTEC_80,10026,20026,30026,0.0999747728607892,0.1,10.4698823,17.7306588,10.1955089,17.4527006,57.4982586002901,33.9524891201448,59.0456058549466,34.4932290879957,1.69349170238523,1.7118027919136,2.71760797342193,2.85714285714286
27,0.1,OLSTEC_80_then_RSI_OLSTEC,10027,20027,30027,0.100052416740945,0.1,10.6607155,18.0983755,10.392853,17.8498995,56.4690052933126,33.2626538774157,57.924421715577,33.7256800801596,1.69766987028216,1.71751678773865,2.69601328903654,2.8936877076412
28,0.1,RSI_OLSTEC_then_OLSTEC_80,10028,20028,30028,0.0999788877015639,0.1,10.6655316,17.5767437,10.4071085,17.3173796,56.4435062946136,34.2498024819011,57.8450777177926,34.7627651472166,1.64799508915242,1.66399529706066,2.53986710963455,2.68272425249169
29,0.1,OLSTEC_80_then_RSI_OLSTEC,10029,20029,30029,0.0998973505489831,0.1,10.6011302,17.8774,10.3457531,17.6012776,56.7863981144199,33.67380044078,58.1881274549264,34.2020626957216,1.68636736486832,1.70130462517997,2.66112956810631,2.85382059800664
30,0.1,RSI_OLSTEC_then_OLSTEC_80,10030,20030,30030,0.0999090303662588,0.1,10.569558,18.1506517,10.2781028,17.8781696,56.9560240835047,33.1668531769578,58.571120732515,33.6723508876434,1.71725740092443,1.73944257494681,2.65614617940199,2.8936877076412
31,0.1,OLSTEC_80_then_RSI_OLSTEC,10031,20031,30031,0.100076630996273,0.1,10.7193789,17.7566726,10.4488756,17.4924948,56.1599702385742,33.9027481984434,57.6138546428862,34.4147594087037,1.65650200124934,1.67410307765555,2.6578073089701,2.84053156146179
32,0.1,RSI_OLSTEC_then_OLSTEC_80,10032,20032,30032,0.0999830025423386,0.1,10.5898359,17.8712796,10.313735,17.5967097,56.8469620950406,33.6853327503197,58.368767473665,34.2109411511176,1.68758796347354,1.70614328368918,2.73920265780731,2.89700996677741
33,0.1,OLSTEC_80_then_RSI_OLSTEC,10033,20033,30033,0.100020669161737,0.1,10.6433983,17.8555293,10.3694231,17.5934835,56.5608824392112,33.7150464646265,58.0553029994504,34.217214572657,1.67761543791892,1.69666946081118,2.58139534883721,2.7109634551495
34,0.1,RSI_OLSTEC_then_OLSTEC_80,10034,20034,30034,0.0999787927436999,0.1,10.6778373,17.822183,10.421231,17.558486,56.3784578362137,33.7781291999976,57.7666880237085,34.2854161799599,1.66908171563918,1.68487638360574,2.70431893687708,2.81395348837209
35,0.1,OLSTEC_80_then_RSI_OLSTEC,10035,20035,30035,0.0999927515497123,0.1,10.6385497,17.7243056,10.3736266,17.4484468,56.5866604918902,33.9646592417138,58.0317783946455,34.501638277626,1.66604528810915,1.68200066117668,2.64285714285714,2.82059800664452
36,0.1,RSI_OLSTEC_then_OLSTEC_80,10036,20036,30036,0.100078530153553,0.1,10.6684547,17.9983689,10.4042711,17.7194053,56.4280410732775,33.4474753431685,57.8608529337533,33.9740521652835,1.68706428495216,1.7030895417556,2.69933554817276,2.80897009966777
37,0.1,OLSTEC_80_then_RSI_OLSTEC,10037,20037,30037,0.100008546207763,0.1,10.6178379,17.7988525,10.3537306,17.5350201,56.6970418713964,33.8224051241506,58.1432937805046,34.3312979721078,1.67631608879619,1.69359439388929,2.65116279069767,2.81727574750831
38,0.1,RSI_OLSTEC_then_OLSTEC_80,10038,20038,30038,0.100036463819788,0.1,10.6935873,18.0098536,10.4318436,17.7315912,56.2954210884873,33.4261462291953,57.7079203909844,33.9507037586114,1.68417324278075,1.69975623484232,2.68770764119601,2.95182724252492
39,0.1,OLSTEC_80_then_RSI_OLSTEC,10039,20039,30039,0.0999077959140264,0.1,10.7704199,17.5157446,10.5105108,17.2473551,55.8938282434095,34.3690784347244,57.2759984224554,34.9039024540058,1.62628242562762,1.64096259717463,2.62126245847176,2.79401993355482
40,0.1,RSI_OLSTEC_then_OLSTEC_80,10040,20040,30040,0.0999706263673932,0.1,10.6275302,18.0126264,10.3503543,17.7563685,56.6453342094478,33.4210007264682,58.1622602039816,33.9033288253733,1.69490239604306,1.71553243351293,2.70431893687708,2.89036544850498
41,0.1,OLSTEC_80_then_RSI_OLSTEC,10041,20041,30041,0.100005855734949,0.1,10.7755507,17.9969511,10.5092532,17.7186775,55.8672142853915,33.4501103356335,57.2828524104834,33.97544765968,1.67016532157377,1.68600728927152,2.62956810631229,2.84717607973422
42,0.1,RSI_OLSTEC_then_OLSTEC_80,10042,20042,30042,0.0999642008852605,0.1,10.57292,17.4615439,10.2993368,17.1832374,56.9379130836136,34.4757601875055,58.4503654643083,35.0341432168073,1.65153466592011,1.66838290014945,2.54983388704319,2.64784053156146
43,0.1,OLSTEC_80_then_RSI_OLSTEC,10043,20043,30043,0.100008609513005,0.1,10.6292228,17.3496139,10.3556384,17.0816923,56.6363139927785,34.6981784995227,58.1325821496432,35.2424097933201,1.6322561137772,1.64950644665229,2.56644518272425,2.55980066445183
44,0.1,RSI_OLSTEC_then_OLSTEC_80,10044,20044,30044,0.0999951254963131,0.1,10.6696221,17.9848288,10.4127233,17.7160149,56.4218670874951,33.472656687174,57.813886209768,33.9805539450071,1.68561066469261,1.70138151082916,2.66112956810631,2.83720930232558
45,0.1,OLSTEC_80_then_RSI_OLSTEC,10045,20045,30045,0.100066059020744,0.1,10.7273527,17.5037197,10.4606501,17.2272245,56.1182257016682,34.3926896864099,57.5490045307987,34.9446888557121,1.6316905195072,1.6468598352219,2.53820598006645,2.65116279069767
46,0.1,RSI_OLSTEC_then_OLSTEC_80,10046,20046,30046,0.100054600771818,0.1,10.7045458,17.6011887,10.4470155,17.3235743,56.2377901171669,34.2022354433368,57.6241128387337,34.750334404142,1.64427235203198,1.65823189407539,2.57308970099668,2.80564784053156
47,0.1,OLSTEC_80_then_RSI_OLSTEC,10047,20047,30047,0.100026714812414,0.1,10.4170249,17.7314488,10.1548757,17.4562639,57.7900125783514,33.9509764142905,59.2818679208452,34.4861880783092,1.70216054681793,1.71900320749372,2.64285714285714,2.85049833887043
48,0.1,RSI_OLSTEC_then_OLSTEC_80,10048,20048,30048,0.099987560519812,0.1,10.6326531,17.8772695,10.373164,17.617317,56.618042020011,33.6740462518619,58.0343663707621,34.1709239834874,1.68135547467452,1.69835519808614,2.64451827242525,2.75249169435216
49,0.1,OLSTEC_80_then_RSI_OLSTEC,10049,20049,30049,0.0999589148974962,0.1,10.5001383,17.9750989,10.2331855,17.6870928,57.332578181375,33.4907753970689,58.8282114108065,34.0361192654567,1.71189163289402,1.72840537289195,2.64285714285714,2.7890365448505
50,0.1,RSI_OLSTEC_then_OLSTEC_80,10050,20050,30050,0.0999472034275991,0.1,10.58667,17.8088428,10.3251931,17.5537122,56.8639619445964,33.8034316300439,58.303994334014,34.2947402316417,1.68219494893106,1.70008560905268,2.69601328903654,2.79900332225914
